﻿<?xml version="1.0" encoding="UTF-8" standalone="yes"?>
<addon id="service.subtitles.phude" name="[COLOR red][B]Phụ đề[/COLOR] [COLOR blue]trực tuyến[/B][/COLOR]" version="1.2.7" provider-name="thietkeweb30s.org">
    <requires><import addon="xbmc.python" version="2.1.0"/></requires>
    <extension point="xbmc.subtitle.module" library="phude.py"/>
    <extension point="xbmc.addon.metadata">
        <platform>all</platform>
        <summary lang="en">xbmc subtitles for plugin.video.thietkeweb30s.org.movie</summary>
        <description lang="vi">Tìm phụ đề Tiếng Việt, tìm và dịch ra tiếng Việt từ bản tiếng Anh cho plugin.video.xshare trên http://Subscene.com, phudeviet.org.</description>
		<platform>all</platform>
		<language>en</language>
		<license>GNU General Public License - v2</license>
		<source>http://code.thietkeweb30s.org/thietkeweb30s.org-master/thietkeweb30s.org-master/zips</source>
		<email>thietkeweb30s.org@gmail.com</email>
    </extension>
</addon>